,Pregnancies,Glucose,BloodPressure,BMI,DiabetesPedigreeFunction,Age,Outcome
Pregnancies,1.000000,0.128135,0.214178,0.021719,-0.033523,0.544341,0.221898
Glucose,0.128135,1.000000,0.223192,0.232771,0.137246,0.267136,0.494650
BloodPressure,0.214178,0.223192,1.000000,0.289230,-0.002805,0.330107,0.170589
BMI,0.021719,0.232771,0.289230,1.000000,0.155382,0.025841,0.313680
DiabetesPedigreeFunction,-0.033523,0.137246,-0.002805,0.155382,1.000000,0.033561,0.173844
Age,0.544341,0.267136,0.330107,0.025841,0.033561,1.000000,0.238356
Outcome,0.221898,0.494650,0.170589,0.313680,0.173844,0.238356,1.000000
