,Pregnancies,Glucose,BloodPressure,BMI,DiabetesPedigreeFunction,Age,Outcome
Pregnancies,1.000000,0.090392,0.141623,0.004491,-0.029959,0.458272,0.170370
Glucose,0.090392,1.000000,0.170329,0.153708,0.061408,0.194967,0.396813
BloodPressure,0.141623,0.170329,1.000000,0.207619,0.004995,0.262168,0.147958
BMI,0.004491,0.153708,0.207619,1.000000,0.091230,0.081760,0.253359
DiabetesPedigreeFunction,-0.029959,0.061408,0.004995,0.091230,1.000000,0.028042,0.143359
Age,0.458272,0.194967,0.262168,0.081760,0.028042,1.000000,0.257363
Outcome,0.170370,0.396813,0.147958,0.253359,0.143359,0.257363,1.000000
