,Pregnancies,Glucose,BloodPressure,BMI,DiabetesPedigreeFunction,Age,Outcome
Pregnancies,1.000000,0.129547,0.194103,0.000279,-0.043242,0.607216,0.198689
Glucose,0.129547,1.000000,0.249415,0.227761,0.090596,0.283315,0.483364
BloodPressure,0.194103,0.249415,1.000000,0.299176,0.008511,0.370609,0.177227
BMI,0.000279,0.227761,0.299176,1.000000,0.136138,0.121119,0.309324
DiabetesPedigreeFunction,-0.043242,0.090596,0.008511,0.136138,1.000000,0.042909,0.175353
Age,0.607216,0.283315,0.370609,0.121119,0.042909,1.000000,0.309040
Outcome,0.198689,0.483364,0.177227,0.309324,0.175353,0.309040,1.000000
